"mdl","TN","TP","FP","FN","ner","theta"
"lrs",6908,14,1092,9,500,0.15
"lrsq",6981,18,1019,5,500,0.15
"lrp",6862,14,1138,9,500,0.15
"knn",7218,23,782,0,500,0.15
"nb",7551,16,449,7,500,0.15
"rfs",7519,21,481,2,500,0.15
"rfsq",7381,21,619,2,500,0.15
"rfp",7383,23,617,0,500,0.15
"rfpp",7278,20,722,3,500,0.15
"lrs",7005,14,995,9,600,0.15
"lrsq",7149,18,851,5,600,0.15
"lrp",6883,16,1117,7,600,0.15
"knn",7121,23,879,0,600,0.15
"nb",7642,16,358,7,600,0.15
"rfs",7531,21,469,2,600,0.15
"rfsq",7529,21,471,2,600,0.15
"rfp",7525,21,475,2,600,0.15
"rfpp",7484,16,516,7,600,0.15
"lrs",7210,14,790,9,700,0.15
"lrsq",7275,18,725,5,700,0.15
"lrp",7155,14,845,9,700,0.15
"knn",7258,23,742,0,700,0.15
"nb",7689,16,311,7,700,0.15
"rfs",7632,23,368,0,700,0.15
"rfsq",7564,20,436,3,700,0.15
"rfp",7622,22,378,1,700,0.15
"rfpp",7513,18,487,5,700,0.15
"lrs",7151,14,849,9,800,0.15
"lrsq",7339,17,661,6,800,0.15
"lrp",7152,14,848,9,800,0.15
"knn",7337,23,663,0,800,0.15
"nb",7707,16,293,7,800,0.15
"rfs",7665,21,335,2,800,0.15
"rfsq",7576,20,424,3,800,0.15
"rfp",7632,21,368,2,800,0.15
"rfpp",7486,16,514,7,800,0.15
"lrs",7155,12,845,11,900,0.15
"lrsq",7330,14,670,9,900,0.15
"lrp",7251,13,749,10,900,0.15
"knn",7375,23,625,0,900,0.15
"nb",7757,15,243,8,900,0.15
"rfs",7701,20,299,3,900,0.15
"rfsq",7632,20,368,3,900,0.15
"rfp",7653,22,347,1,900,0.15
"rfpp",7618,17,382,6,900,0.15
"lrs",7297,14,703,9,1000,0.15
"lrsq",7319,17,681,6,1000,0.15
"lrp",7268,12,732,11,1000,0.15
"knn",7441,23,559,0,1000,0.15
"nb",7788,13,212,10,1000,0.15
"rfs",7717,21,283,2,1000,0.15
"rfsq",7662,20,338,3,1000,0.15
"rfp",7671,20,329,3,1000,0.15
"rfpp",7562,16,438,7,1000,0.15
"lrs",7386,12,614,11,1100,0.15
"lrsq",7461,14,539,9,1100,0.15
"lrp",7385,13,615,10,1100,0.15
"knn",7493,23,507,0,1100,0.15
"nb",7812,13,188,10,1100,0.15
"rfs",7739,20,261,3,1100,0.15
"rfsq",7715,20,285,3,1100,0.15
"rfp",7720,21,280,2,1100,0.15
"rfpp",7657,18,343,5,1100,0.15
"lrs",7403,14,597,9,1200,0.15
"lrsq",7453,15,547,8,1200,0.15
"lrp",7406,13,594,10,1200,0.15
"knn",7506,23,494,0,1200,0.15
"nb",7832,13,168,10,1200,0.15
"rfs",7736,20,264,3,1200,0.15
"rfsq",7660,20,340,3,1200,0.15
"rfp",7669,21,331,2,1200,0.15
"rfpp",7680,16,320,7,1200,0.15
"lrs",7523,12,477,11,1300,0.15
"lrsq",7524,15,476,8,1300,0.15
"lrp",7399,12,601,11,1300,0.15
"knn",7521,23,479,0,1300,0.15
"nb",7815,13,185,10,1300,0.15
"rfs",7763,20,237,3,1300,0.15
"rfsq",7731,21,269,2,1300,0.15
"rfp",7754,21,246,2,1300,0.15
"rfpp",7678,16,322,7,1300,0.15
"lrs",7534,12,466,11,1400,0.15
"lrsq",7569,14,431,9,1400,0.15
"lrp",7514,13,486,10,1400,0.15
"knn",7523,23,477,0,1400,0.15
"nb",7832,12,168,11,1400,0.15
"rfs",7769,20,231,3,1400,0.15
"rfsq",7740,20,260,3,1400,0.15
"rfp",7687,21,313,2,1400,0.15
"rfpp",7676,16,324,7,1400,0.15
"lrs",7751,8,249,15,1500,0.15
"lrsq",7645,13,355,10,1500,0.15
"lrp",7589,12,411,11,1500,0.15
"knn",7571,23,429,0,1500,0.15
"nb",7856,11,144,12,1500,0.15
"rfs",7812,20,188,3,1500,0.15
"rfsq",7766,20,234,3,1500,0.15
"rfp",7776,21,224,2,1500,0.15
"rfpp",7721,17,279,6,1500,0.15
"lrs",7761,8,239,15,1600,0.15
"lrsq",7597,13,403,10,1600,0.15
"lrp",7572,11,428,12,1600,0.15
"knn",7601,23,399,0,1600,0.15
"nb",7865,10,135,13,1600,0.15
"rfs",7781,20,219,3,1600,0.15
"rfsq",7761,20,239,3,1600,0.15
"rfp",7759,21,241,2,1600,0.15
"rfpp",7728,16,272,7,1600,0.15
"lrs",7926,0,74,23,1700,0.15
"lrsq",7671,13,329,10,1700,0.15
"lrp",7820,8,180,15,1700,0.15
"knn",7592,23,408,0,1700,0.15
"nb",7877,10,123,13,1700,0.15
"rfs",7790,20,210,3,1700,0.15
"rfsq",7761,20,239,3,1700,0.15
"rfp",7771,20,229,3,1700,0.15
"rfpp",7742,17,258,6,1700,0.15
"lrs",7849,3,151,20,1800,0.15
"lrsq",7659,13,341,10,1800,0.15
"lrp",7608,12,392,11,1800,0.15
"knn",7748,21,252,2,1800,0.15
"nb",7886,9,114,14,1800,0.15
"rfs",7818,20,182,3,1800,0.15
"rfsq",7790,20,210,3,1800,0.15
"rfp",7777,22,223,1,1800,0.15
"rfpp",7756,16,244,7,1800,0.15
"lrs",7870,4,130,19,1900,0.15
"lrsq",7654,13,346,10,1900,0.15
"lrp",7668,10,332,13,1900,0.15
"knn",7621,23,379,0,1900,0.15
"nb",7883,10,117,13,1900,0.15
"rfs",7816,20,184,3,1900,0.15
"rfsq",7758,20,242,3,1900,0.15
"rfp",7785,20,215,3,1900,0.15
"rfpp",7766,16,234,7,1900,0.15
"lrs",7986,0,14,23,2000,0.15
"lrsq",7697,11,303,12,2000,0.15
"lrp",7874,1,126,22,2000,0.15
"knn",7656,23,344,0,2000,0.15
"nb",7915,9,85,14,2000,0.15
"rfs",7827,20,173,3,2000,0.15
"rfsq",7814,19,186,4,2000,0.15
"rfp",7806,19,194,4,2000,0.15
"rfpp",7766,15,234,8,2000,0.15
"lrs",7966,0,34,23,2100,0.15
"lrsq",7737,10,263,13,2100,0.15
"lrp",7887,3,113,20,2100,0.15
"knn",7676,23,324,0,2100,0.15
"nb",7931,9,69,14,2100,0.15
"rfs",7847,20,153,3,2100,0.15
"rfsq",7815,20,185,3,2100,0.15
"rfp",7806,20,194,3,2100,0.15
"rfpp",7794,16,206,7,2100,0.15
"lrs",7974,0,26,23,2200,0.15
"lrsq",7716,13,284,10,2200,0.15
"lrp",7718,9,282,14,2200,0.15
"knn",7794,20,206,3,2200,0.15
"nb",7936,9,64,14,2200,0.15
"rfs",7835,20,165,3,2200,0.15
"rfsq",7806,20,194,3,2200,0.15
"rfp",7826,20,174,3,2200,0.15
"rfpp",7798,16,202,7,2200,0.15
"lrs",7987,0,13,23,2300,0.15
"lrsq",7752,10,248,13,2300,0.15
"lrp",7944,1,56,22,2300,0.15
"knn",7660,23,340,0,2300,0.15
"nb",7947,8,53,15,2300,0.15
"rfs",7813,20,187,3,2300,0.15
"rfsq",7808,20,192,3,2300,0.15
"rfp",7800,20,200,3,2300,0.15
"rfpp",7787,13,213,10,2300,0.15
"lrs",7976,0,24,23,2400,0.15
"lrsq",7722,13,278,10,2400,0.15
"lrp",7911,3,89,20,2400,0.15
"knn",7751,21,249,2,2400,0.15
"nb",7943,9,57,14,2400,0.15
"rfs",7857,20,143,3,2400,0.15
"rfsq",7802,20,198,3,2400,0.15
"rfp",7816,20,184,3,2400,0.15
"rfpp",7811,16,189,7,2400,0.15
"lrs",7991,0,9,23,2500,0.15
"lrsq",7755,11,245,12,2500,0.15
"lrp",7955,0,45,23,2500,0.15
"knn",7802,20,198,3,2500,0.15
"nb",7958,8,42,15,2500,0.15
"rfs",7828,20,172,3,2500,0.15
"rfsq",7824,20,176,3,2500,0.15
"rfp",7801,20,199,3,2500,0.15
"rfpp",7788,15,212,8,2500,0.15
"lrs",7117,14,883,9,500,0.2
"lrsq",7194,18,806,5,500,0.2
"lrp",7025,14,975,9,500,0.2
"knn",7218,23,782,0,500,0.2
"nb",7580,16,420,7,500,0.2
"rfs",7621,21,379,2,500,0.2
"rfsq",7519,21,481,2,500,0.2
"rfp",7544,23,456,0,500,0.2
"rfpp",7437,19,563,4,500,0.2
"lrs",7214,14,786,9,600,0.2
"lrsq",7289,16,711,7,600,0.2
"lrp",7127,13,873,10,600,0.2
"knn",7123,23,877,0,600,0.2
"nb",7689,16,311,7,600,0.2
"rfs",7655,21,345,2,600,0.2
"rfsq",7613,20,387,3,600,0.2
"rfp",7638,21,362,2,600,0.2
"rfpp",7568,16,432,7,600,0.2
"lrs",7364,13,636,10,700,0.2
"lrsq",7422,15,578,8,700,0.2
"lrp",7382,13,618,10,700,0.2
"knn",7258,23,742,0,700,0.2
"nb",7731,16,269,7,700,0.2
"rfs",7720,20,280,3,700,0.2
"rfsq",7675,20,325,3,700,0.2
"rfp",7721,21,279,2,700,0.2
"rfpp",7606,18,394,5,700,0.2
"lrs",7303,14,697,9,800,0.2
"lrsq",7444,15,556,8,800,0.2
"lrp",7342,14,658,9,800,0.2
"knn",7337,23,663,0,800,0.2
"nb",7740,15,260,8,800,0.2
"rfs",7740,21,260,2,800,0.2
"rfsq",7651,19,349,4,800,0.2
"rfp",7690,20,310,3,800,0.2
"rfpp",7585,16,415,7,800,0.2
"lrs",7601,12,399,11,900,0.2
"lrsq",7471,14,529,9,900,0.2
"lrp",7475,12,525,11,900,0.2
"knn",7375,23,625,0,900,0.2
"nb",7793,14,207,9,900,0.2
"rfs",7753,20,247,3,900,0.2
"rfsq",7719,20,281,3,900,0.2
"rfp",7741,21,259,2,900,0.2
"rfpp",7671,16,329,7,900,0.2
"lrs",7441,14,559,9,1000,0.2
"lrsq",7466,16,534,7,1000,0.2
"lrp",7487,12,513,11,1000,0.2
"knn",7441,23,559,0,1000,0.2
"nb",7813,12,187,11,1000,0.2
"rfs",7791,20,209,3,1000,0.2
"rfsq",7746,20,254,3,1000,0.2
"rfp",7751,20,249,3,1000,0.2
"rfpp",7653,16,347,7,1000,0.2
"lrs",7830,6,170,17,1100,0.2
"lrsq",7571,13,429,10,1100,0.2
"lrp",7584,12,416,11,1100,0.2
"knn",7493,23,507,0,1100,0.2
"nb",7833,11,167,12,1100,0.2
"rfs",7804,20,196,3,1100,0.2
"rfsq",7785,20,215,3,1100,0.2
"rfp",7789,21,211,2,1100,0.2
"rfpp",7729,16,271,7,1100,0.2
"lrs",7579,12,421,11,1200,0.2
"lrsq",7544,14,456,9,1200,0.2
"lrp",7571,12,429,11,1200,0.2
"knn",7506,23,494,0,1200,0.2
"nb",7854,10,146,13,1200,0.2
"rfs",7815,20,185,3,1200,0.2
"rfsq",7746,20,254,3,1200,0.2
"rfp",7753,21,247,2,1200,0.2
"rfpp",7740,16,260,7,1200,0.2
"lrs",7925,0,75,23,1300,0.2
"lrsq",7638,14,362,9,1300,0.2
"lrp",7806,9,194,14,1300,0.2
"knn",7521,23,479,0,1300,0.2
"nb",7842,11,158,12,1300,0.2
"rfs",7839,20,161,3,1300,0.2
"rfsq",7794,20,206,3,1300,0.2
"rfp",7822,21,178,2,1300,0.2
"rfpp",7755,16,245,7,1300,0.2
"lrs",7928,1,72,22,1400,0.2
"lrsq",7664,12,336,11,1400,0.2
"lrp",7659,12,341,11,1400,0.2
"knn",7524,23,476,0,1400,0.2
"nb",7854,10,146,13,1400,0.2
"rfs",7822,20,178,3,1400,0.2
"rfsq",7802,20,198,3,1400,0.2
"rfp",7763,20,237,3,1400,0.2
"rfpp",7770,16,230,7,1400,0.2
"lrs",7988,0,12,23,1500,0.2
"lrsq",7742,12,258,11,1500,0.2
"lrp",7736,9,264,14,1500,0.2
"knn",7571,23,429,0,1500,0.2
"nb",7878,10,122,13,1500,0.2
"rfs",7868,20,132,3,1500,0.2
"rfsq",7840,20,160,3,1500,0.2
"rfp",7837,21,163,2,1500,0.2
"rfpp",7785,16,215,7,1500,0.2
"lrs",7986,0,14,23,1600,0.2
"lrsq",7690,10,310,13,1600,0.2
"lrp",7923,2,77,21,1600,0.2
"knn",7601,23,399,0,1600,0.2
"nb",7895,9,105,14,1600,0.2
"rfs",7843,20,157,3,1600,0.2
"rfsq",7819,20,181,3,1600,0.2
"rfp",7819,20,181,3,1600,0.2
"rfpp",7783,16,217,7,1600,0.2
"lrs",8000,0,0,23,1700,0.2
"lrsq",7765,11,235,12,1700,0.2
"lrp",7981,0,19,23,1700,0.2
"knn",7592,23,408,0,1700,0.2
"nb",7921,9,79,14,1700,0.2
"rfs",7845,20,155,3,1700,0.2
"rfsq",7811,20,189,3,1700,0.2
"rfp",7828,20,172,3,1700,0.2
"rfpp",7784,16,216,7,1700,0.2
"lrs",7985,0,15,23,1800,0.2
"lrsq",7745,10,255,13,1800,0.2
"lrp",7748,9,252,14,1800,0.2
"knn",7748,21,252,2,1800,0.2
"nb",7933,9,67,14,1800,0.2
"rfs",7864,20,136,3,1800,0.2
"rfsq",7827,20,173,3,1800,0.2
"rfp",7841,21,159,2,1800,0.2
"rfpp",7818,15,182,8,1800,0.2
"lrs",7996,0,4,23,1900,0.2
"lrsq",7749,10,251,13,1900,0.2
"lrp",7966,0,34,23,1900,0.2
"knn",7621,23,379,0,1900,0.2
"nb",7923,9,77,14,1900,0.2
"rfs",7859,20,141,3,1900,0.2
"rfsq",7791,19,209,4,1900,0.2
"rfp",7836,20,164,3,1900,0.2
"rfpp",7818,16,182,7,1900,0.2
"lrs",8000,0,0,23,2000,0.2
"lrsq",7780,11,220,12,2000,0.2
"lrp",7979,0,21,23,2000,0.2
"knn",7657,23,343,0,2000,0.2
"nb",7950,8,50,15,2000,0.2
"rfs",7880,20,120,3,2000,0.2
"rfsq",7871,19,129,4,2000,0.2
"rfp",7864,18,136,5,2000,0.2
"rfpp",7809,15,191,8,2000,0.2
"lrs",8000,0,0,23,2100,0.2
"lrsq",7820,10,180,13,2100,0.2
"lrp",7994,0,6,23,2100,0.2
"knn",7677,23,323,0,2100,0.2
"nb",7961,8,39,15,2100,0.2
"rfs",7885,19,115,4,2100,0.2
"rfsq",7855,20,145,3,2100,0.2
"rfp",7851,20,149,3,2100,0.2
"rfpp",7843,15,157,8,2100,0.2
"lrs",8000,0,0,23,2200,0.2
"lrsq",7792,10,208,13,2200,0.2
"lrp",7841,7,159,16,2200,0.2
"knn",7794,20,206,3,2200,0.2
"nb",7963,8,37,15,2200,0.2
"rfs",7870,19,130,4,2200,0.2
"rfsq",7856,20,144,3,2200,0.2
"rfp",7867,20,133,3,2200,0.2
"rfpp",7852,16,148,7,2200,0.2
"lrs",8000,0,0,23,2300,0.2
"lrsq",7818,10,182,13,2300,0.2
"lrp",7997,0,3,23,2300,0.2
"knn",7660,23,340,0,2300,0.2
"nb",7976,7,24,16,2300,0.2
"rfs",7870,20,130,3,2300,0.2
"rfsq",7855,20,145,3,2300,0.2
"rfp",7849,20,151,3,2300,0.2
"rfpp",7831,13,169,10,2300,0.2
"lrs",8000,0,0,23,2400,0.2
"lrsq",7809,10,191,13,2400,0.2
"lrp",7996,0,4,23,2400,0.2
"knn",7751,21,249,2,2400,0.2
"nb",7970,7,30,16,2400,0.2
"rfs",7896,18,104,5,2400,0.2
"rfsq",7854,19,146,4,2400,0.2
"rfp",7865,19,135,4,2400,0.2
"rfpp",7867,15,133,8,2400,0.2
"lrs",8000,0,0,23,2500,0.2
"lrsq",7821,10,179,13,2500,0.2
"lrp",8000,0,0,23,2500,0.2
"knn",7802,20,198,3,2500,0.2
"nb",7982,7,18,16,2500,0.2
"rfs",7869,20,131,3,2500,0.2
"rfsq",7859,20,141,3,2500,0.2
"rfp",7853,19,147,4,2500,0.2
"rfpp",7834,14,166,9,2500,0.2
"lrs",7236,14,764,9,500,0.25
"lrsq",7338,16,662,7,500,0.25
"lrp",7179,14,821,9,500,0.25
"knn",7218,23,782,0,500,0.25
"nb",7601,16,399,7,500,0.25
"rfs",7689,20,311,3,500,0.25
"rfsq",7619,21,381,2,500,0.25
"rfp",7663,22,337,1,500,0.25
"rfpp",7549,18,451,5,500,0.25
"lrs",7350,14,650,9,600,0.25
"lrsq",7382,16,618,7,600,0.25
"lrp",7301,13,699,10,600,0.25
"knn",7489,22,511,1,600,0.25
"nb",7718,16,282,7,600,0.25
"rfs",7723,20,277,3,600,0.25
"rfsq",7671,20,329,3,600,0.25
"rfp",7699,21,301,2,600,0.25
"rfpp",7662,16,338,7,600,0.25
"lrs",7491,12,509,11,700,0.25
"lrsq",7519,13,481,10,700,0.25
"lrp",7550,13,450,10,700,0.25
"knn",7600,21,400,2,700,0.25
"nb",7759,15,241,8,700,0.25
"rfs",7796,20,204,3,700,0.25
"rfsq",7746,20,254,3,700,0.25
"rfp",7789,21,211,2,700,0.25
"rfpp",7681,18,319,5,700,0.25
"lrs",7448,14,552,9,800,0.25
"lrsq",7526,15,474,8,800,0.25
"lrp",7477,14,523,9,800,0.25
"knn",7591,21,409,2,800,0.25
"nb",7765,15,235,8,800,0.25
"rfs",7788,20,212,3,800,0.25
"rfsq",7721,19,279,4,800,0.25
"rfp",7757,20,243,3,800,0.25
"rfpp",7678,16,322,7,800,0.25
"lrs",7905,2,95,21,900,0.25
"lrsq",7575,13,425,10,900,0.25
"lrp",7619,11,381,12,900,0.25
"knn",7667,22,333,1,900,0.25
"nb",7806,13,194,10,900,0.25
"rfs",7785,20,215,3,900,0.25
"rfsq",7777,20,223,3,900,0.25
"rfp",7792,21,208,2,900,0.25
"rfpp",7725,16,275,7,900,0.25
"lrs",7584,11,416,12,1000,0.25
"lrsq",7565,14,435,9,1000,0.25
"lrp",7624,11,376,12,1000,0.25
"knn",7700,22,300,1,1000,0.25
"nb",7828,11,172,12,1000,0.25
"rfs",7837,20,163,3,1000,0.25
"rfsq",7799,20,201,3,1000,0.25
"rfp",7807,20,193,3,1000,0.25
"rfpp",7731,16,269,7,1000,0.25
"lrs",7980,0,20,23,1100,0.25
"lrsq",7647,11,353,12,1100,0.25
"lrp",7709,10,291,13,1100,0.25
"knn",7759,21,241,2,1100,0.25
"nb",7855,11,145,12,1100,0.25
"rfs",7844,20,156,3,1100,0.25
"rfsq",7836,20,164,3,1100,0.25
"rfp",7845,20,155,3,1100,0.25
"rfpp",7790,16,210,7,1100,0.25
"lrs",7682,10,318,13,1200,0.25
"lrsq",7626,12,374,11,1200,0.25
"lrp",7685,11,315,12,1200,0.25
"knn",7771,22,229,1,1200,0.25
"nb",7873,10,127,13,1200,0.25
"rfs",7844,20,156,3,1200,0.25
"rfsq",7785,19,215,4,1200,0.25
"rfp",7804,21,196,2,1200,0.25
"rfpp",7787,16,213,7,1200,0.25
"lrs",7994,0,6,23,1300,0.25
"lrsq",7725,10,275,13,1300,0.25
"lrp",7957,0,43,23,1300,0.25
"knn",7771,21,229,2,1300,0.25
"nb",7864,10,136,13,1300,0.25
"rfs",7882,20,118,3,1300,0.25
"rfsq",7838,20,162,3,1300,0.25
"rfp",7857,21,143,2,1300,0.25
"rfpp",7810,15,190,8,1300,0.25
"lrs",7999,0,1,23,1400,0.25
"lrsq",7730,10,270,13,1400,0.25
"lrp",7765,9,235,14,1400,0.25
"knn",7762,22,238,1,1400,0.25
"nb",7874,10,126,13,1400,0.25
"rfs",7869,20,131,3,1400,0.25
"rfsq",7842,20,158,3,1400,0.25
"rfp",7818,20,182,3,1400,0.25
"rfpp",7824,15,176,8,1400,0.25
"lrs",8000,0,0,23,1500,0.25
"lrsq",7810,10,190,13,1500,0.25
"lrp",7825,9,175,14,1500,0.25
"knn",7797,21,203,2,1500,0.25
"nb",7914,9,86,14,1500,0.25
"rfs",7897,20,103,3,1500,0.25
"rfsq",7875,20,125,3,1500,0.25
"rfp",7868,21,132,2,1500,0.25
"rfpp",7831,16,169,7,1500,0.25
"lrs",8000,0,0,23,1600,0.25
"lrsq",7747,10,253,13,1600,0.25
"lrp",7995,0,5,23,1600,0.25
"knn",7826,20,174,3,1600,0.25
"nb",7932,9,68,14,1600,0.25
"rfs",7878,19,122,4,1600,0.25
"rfsq",7846,20,154,3,1600,0.25
"rfp",7858,17,142,6,1600,0.25
"rfpp",7827,16,173,7,1600,0.25
"lrs",8000,0,0,23,1700,0.25
"lrsq",7825,10,175,13,1700,0.25
"lrp",8000,0,0,23,1700,0.25
"knn",7802,21,198,2,1700,0.25
"nb",7948,8,52,15,1700,0.25
"rfs",7877,20,123,3,1700,0.25
"rfsq",7848,19,152,4,1700,0.25
"rfp",7865,20,135,3,1700,0.25
"rfpp",7835,15,165,8,1700,0.25
"lrs",8000,0,0,23,1800,0.25
"lrsq",7789,10,211,13,1800,0.25
"lrp",7820,6,180,17,1800,0.25
"knn",7748,21,252,2,1800,0.25
"nb",7954,7,46,16,1800,0.25
"rfs",7893,20,107,3,1800,0.25
"rfsq",7866,19,134,4,1800,0.25
"rfp",7881,19,119,4,1800,0.25
"rfpp",7855,15,145,8,1800,0.25
"lrs",8000,0,0,23,1900,0.25
"lrsq",7817,10,183,13,1900,0.25
"lrp",8000,0,0,23,1900,0.25
"knn",7819,21,181,2,1900,0.25
"nb",7950,8,50,15,1900,0.25
"rfs",7898,20,102,3,1900,0.25
"rfsq",7845,19,155,4,1900,0.25
"rfp",7866,20,134,3,1900,0.25
"rfpp",7852,15,148,8,1900,0.25
"lrs",8000,0,0,23,2000,0.25
"lrsq",7833,6,167,17,2000,0.25
"lrp",7998,0,2,23,2000,0.25
"knn",7852,20,148,3,2000,0.25
"nb",7972,7,28,16,2000,0.25
"rfs",7910,19,90,4,2000,0.25
"rfsq",7894,18,106,5,2000,0.25
"rfp",7897,18,103,5,2000,0.25
"rfpp",7853,14,147,9,2000,0.25
"lrs",8000,0,0,23,2100,0.25
"lrsq",7861,9,139,14,2100,0.25
"lrp",8000,0,0,23,2100,0.25
"knn",7859,20,141,3,2100,0.25
"nb",7980,7,20,16,2100,0.25
"rfs",7914,18,86,5,2100,0.25
"rfsq",7896,19,104,4,2100,0.25
"rfp",7897,20,103,3,2100,0.25
"rfpp",7877,14,123,9,2100,0.25
"lrs",8000,0,0,23,2200,0.25
"lrsq",7837,9,163,14,2200,0.25
"lrp",7913,0,87,23,2200,0.25
"knn",7794,20,206,3,2200,0.25
"nb",7982,7,18,16,2200,0.25
"rfs",7897,19,103,4,2200,0.25
"rfsq",7885,20,115,3,2200,0.25
"rfp",7897,20,103,3,2200,0.25
"rfpp",7882,14,118,9,2200,0.25
"lrs",8000,0,0,23,2300,0.25
"lrsq",7871,8,129,15,2300,0.25
"lrp",8000,0,0,23,2300,0.25
"knn",7859,20,141,3,2300,0.25
"nb",7989,6,11,17,2300,0.25
"rfs",7916,19,84,4,2300,0.25
"rfsq",7884,19,116,4,2300,0.25
"rfp",7898,18,102,5,2300,0.25
"rfpp",7848,12,152,11,2300,0.25
"lrs",8000,0,0,23,2400,0.25
"lrsq",7851,10,149,13,2400,0.25
"lrp",8000,0,0,23,2400,0.25
"knn",7866,17,134,6,2400,0.25
"nb",7986,7,14,16,2400,0.25
"rfs",7916,17,84,6,2400,0.25
"rfsq",7897,19,103,4,2400,0.25
"rfp",7901,19,99,4,2400,0.25
"rfpp",7904,14,96,9,2400,0.25
"lrs",8000,0,0,23,2500,0.25
"lrsq",7887,8,113,15,2500,0.25
"lrp",8000,0,0,23,2500,0.25
"knn",7802,20,198,3,2500,0.25
"nb",7994,6,6,17,2500,0.25
"rfs",7909,20,91,3,2500,0.25
"rfsq",7905,19,95,4,2500,0.25
"rfp",7894,18,106,5,2500,0.25
"rfpp",7861,13,139,10,2500,0.25
"lrs",7316,14,684,9,500,0.3
"lrsq",7438,14,562,9,500,0.3
"lrp",7319,13,681,10,500,0.3
"knn",7532,21,468,2,500,0.3
"nb",7634,16,366,7,500,0.3
"rfs",7750,20,250,3,500,0.3
"rfsq",7683,20,317,3,500,0.3
"rfp",7725,20,275,3,500,0.3
"rfpp",7646,16,354,7,500,0.3
"lrs",7480,13,520,10,600,0.3
"lrsq",7473,15,527,8,600,0.3
"lrp",7442,13,558,10,600,0.3
"knn",7489,22,511,1,600,0.3
"nb",7743,15,257,8,600,0.3
"rfs",7769,20,231,3,600,0.3
"rfsq",7723,19,277,4,600,0.3
"rfp",7747,21,253,2,600,0.3
"rfpp",7728,16,272,7,600,0.3
"lrs",7631,10,369,13,700,0.3
"lrsq",7593,11,407,12,700,0.3
"lrp",7687,10,313,13,700,0.3
"knn",7600,21,400,2,700,0.3
"nb",7780,14,220,9,700,0.3
"rfs",7841,20,159,3,700,0.3
"rfsq",7789,20,211,3,700,0.3
"rfp",7828,20,172,3,700,0.3
"rfpp",7738,16,262,7,700,0.3
"lrs",7591,12,409,11,800,0.3
"lrsq",7585,12,415,11,800,0.3
"lrp",7591,14,409,9,800,0.3
"knn",7591,21,409,2,800,0.3
"nb",7785,13,215,10,800,0.3
"rfs",7818,20,182,3,800,0.3
"rfsq",7799,19,201,4,800,0.3
"rfp",7801,20,199,3,800,0.3
"rfpp",7762,15,238,8,800,0.3
"lrs",7992,0,8,23,900,0.3
"lrsq",7644,13,356,10,900,0.3
"lrp",7718,9,282,14,900,0.3
"knn",7667,22,333,1,900,0.3
"nb",7826,13,174,10,900,0.3
"rfs",7815,20,185,3,900,0.3
"rfsq",7816,20,184,3,900,0.3
"rfp",7827,20,173,3,900,0.3
"rfpp",7759,14,241,9,900,0.3
"lrs",7713,8,287,15,1000,0.3
"lrsq",7639,11,361,12,1000,0.3
"lrp",7719,10,281,13,1000,0.3
"knn",7700,22,300,1,1000,0.3
"nb",7846,11,154,12,1000,0.3
"rfs",7865,20,135,3,1000,0.3
"rfsq",7838,20,162,3,1000,0.3
"rfp",7837,19,163,4,1000,0.3
"rfpp",7808,15,192,8,1000,0.3
"lrs",8000,0,0,23,1100,0.3
"lrsq",7695,11,305,12,1100,0.3
"lrp",7810,9,190,14,1100,0.3
"knn",7759,21,241,2,1100,0.3
"nb",7870,10,130,13,1100,0.3
"rfs",7872,20,128,3,1100,0.3
"rfsq",7872,19,128,4,1100,0.3
"rfp",7874,20,126,3,1100,0.3
"rfpp",7839,16,161,7,1100,0.3
"lrs",7759,9,241,14,1200,0.3
"lrsq",7689,12,311,11,1200,0.3
"lrp",7772,10,228,13,1200,0.3
"knn",7771,22,229,1,1200,0.3
"nb",7903,9,97,14,1200,0.3
"rfs",7862,20,138,3,1200,0.3
"rfsq",7814,19,186,4,1200,0.3
"rfp",7850,19,150,4,1200,0.3
"rfpp",7828,16,172,7,1200,0.3
"lrs",8000,0,0,23,1300,0.3
"lrsq",7779,10,221,13,1300,0.3
"lrp",7993,0,7,23,1300,0.3
"knn",7771,21,229,2,1300,0.3
"nb",7879,9,121,14,1300,0.3
"rfs",7911,20,89,3,1300,0.3
"rfsq",7881,18,119,5,1300,0.3
"rfp",7894,20,106,3,1300,0.3
"rfpp",7853,13,147,10,1300,0.3
"lrs",8000,0,0,23,1400,0.3
"lrsq",7775,10,225,13,1400,0.3
"lrp",7839,3,161,20,1400,0.3
"knn",7762,22,238,1,1400,0.3
"nb",7905,9,95,14,1400,0.3
"rfs",7899,20,101,3,1400,0.3
"rfsq",7878,18,122,5,1400,0.3
"rfp",7877,19,123,4,1400,0.3
"rfpp",7871,14,129,9,1400,0.3
"lrs",8000,0,0,23,1500,0.3
"lrsq",7853,10,147,13,1500,0.3
"lrp",7894,1,106,22,1500,0.3
"knn",7797,21,203,2,1500,0.3
"nb",7938,8,62,15,1500,0.3
"rfs",7930,20,70,3,1500,0.3
"rfsq",7902,19,98,4,1500,0.3
"rfp",7896,20,104,3,1500,0.3
"rfpp",7858,15,142,8,1500,0.3
"lrs",8000,0,0,23,1600,0.3
"lrsq",7793,10,207,13,1600,0.3
"lrp",8000,0,0,23,1600,0.3
"knn",7826,20,174,3,1600,0.3
"nb",7956,8,44,15,1600,0.3
"rfs",7905,19,95,4,1600,0.3
"rfsq",7869,18,131,5,1600,0.3
"rfp",7885,17,115,6,1600,0.3
"rfpp",7859,14,141,9,1600,0.3
"lrs",8000,0,0,23,1700,0.3
"lrsq",7867,7,133,16,1700,0.3
"lrp",8000,0,0,23,1700,0.3
"knn",7802,21,198,2,1700,0.3
"nb",7968,7,32,16,1700,0.3
"rfs",7903,20,97,3,1700,0.3
"rfsq",7889,19,111,4,1700,0.3
"rfp",7900,20,100,3,1700,0.3
"rfpp",7874,13,126,10,1700,0.3
"lrs",8000,0,0,23,1800,0.3
"lrsq",7820,10,180,13,1800,0.3
"lrp",7882,3,118,20,1800,0.3
"knn",7883,18,117,5,1800,0.3
"nb",7974,7,26,16,1800,0.3
"rfs",7919,19,81,4,1800,0.3
"rfsq",7899,18,101,5,1800,0.3
"rfp",7905,17,95,6,1800,0.3
"rfpp",7882,12,118,11,1800,0.3
"lrs",8000,0,0,23,1900,0.3
"lrsq",7867,4,133,19,1900,0.3
"lrp",8000,0,0,23,1900,0.3
"knn",7819,21,181,2,1900,0.3
"nb",7972,8,28,15,1900,0.3
"rfs",7923,20,77,3,1900,0.3
"rfsq",7891,19,109,4,1900,0.3
"rfp",7894,19,106,4,1900,0.3
"rfpp",7877,14,123,9,1900,0.3
"lrs",8000,0,0,23,2000,0.3
"lrsq",7876,2,124,21,2000,0.3
"lrp",8000,0,0,23,2000,0.3
"knn",7852,20,148,3,2000,0.3
"nb",7986,6,14,17,2000,0.3
"rfs",7934,18,66,5,2000,0.3
"rfsq",7918,18,82,5,2000,0.3
"rfp",7925,17,75,6,2000,0.3
"rfpp",7884,12,116,11,2000,0.3
"lrs",8000,0,0,23,2100,0.3
"lrsq",7900,5,100,18,2100,0.3
"lrp",8000,0,0,23,2100,0.3
"knn",7859,20,141,3,2100,0.3
"nb",7989,6,11,17,2100,0.3
"rfs",7933,18,67,5,2100,0.3
"rfsq",7923,18,77,5,2100,0.3
"rfp",7921,20,79,3,2100,0.3
"rfpp",7897,13,103,10,2100,0.3
"lrs",8000,0,0,23,2200,0.3
"lrsq",7873,9,127,14,2200,0.3
"lrp",7967,0,33,23,2200,0.3
"knn",7899,17,101,6,2200,0.3
"nb",7994,6,6,17,2200,0.3
"rfs",7921,18,79,5,2200,0.3
"rfsq",7908,19,92,4,2200,0.3
"rfp",7920,17,80,6,2200,0.3
"rfpp",7906,13,94,10,2200,0.3
"lrs",8000,0,0,23,2300,0.3
"lrsq",7894,4,106,19,2300,0.3
"lrp",8000,0,0,23,2300,0.3
"knn",7859,20,141,3,2300,0.3
"nb",7996,4,4,19,2300,0.3
"rfs",7937,17,63,6,2300,0.3
"rfsq",7903,18,97,5,2300,0.3
"rfp",7917,16,83,7,2300,0.3
"rfpp",7875,12,125,11,2300,0.3
"lrs",8000,0,0,23,2400,0.3
"lrsq",7883,9,117,14,2400,0.3
"lrp",8000,0,0,23,2400,0.3
"knn",7866,17,134,6,2400,0.3
"nb",7994,6,6,17,2400,0.3
"rfs",7940,15,60,8,2400,0.3
"rfsq",7930,17,70,6,2400,0.3
"rfp",7930,16,70,7,2400,0.3
"rfpp",7927,12,73,11,2400,0.3
"lrs",8000,0,0,23,2500,0.3
"lrsq",7917,2,83,21,2500,0.3
"lrp",8000,0,0,23,2500,0.3
"knn",7907,18,93,5,2500,0.3
"nb",7998,5,2,18,2500,0.3
"rfs",7927,19,73,4,2500,0.3
"rfsq",7924,18,76,5,2500,0.3
"rfp",7928,18,72,5,2500,0.3
"rfpp",7893,13,107,10,2500,0.3
"lrs",7512,13,488,10,500,0.4
"lrsq",7600,11,400,12,500,0.4
"lrp",7572,13,428,10,500,0.4
"knn",7532,21,468,2,500,0.4
"nb",7689,16,311,7,500,0.4
"rfs",7820,19,180,4,500,0.4
"rfsq",7783,19,217,4,500,0.4
"rfp",7810,20,190,3,500,0.4
"rfpp",7777,16,223,7,500,0.4
"lrs",7697,11,303,12,600,0.4
"lrsq",7624,11,376,12,600,0.4
"lrp",7645,10,355,13,600,0.4
"knn",7489,22,511,1,600,0.4
"nb",7785,15,215,8,600,0.4
"rfs",7841,20,159,3,600,0.4
"rfsq",7805,19,195,4,600,0.4
"rfp",7811,19,189,4,600,0.4
"rfpp",7809,16,191,7,600,0.4
"lrs",7841,4,159,19,700,0.4
"lrsq",7719,10,281,13,700,0.4
"lrp",7853,8,147,15,700,0.4
"knn",7600,21,400,2,700,0.4
"nb",7807,13,193,10,700,0.4
"rfs",7891,20,109,3,700,0.4
"rfsq",7859,18,141,5,700,0.4
"rfp",7888,20,112,3,700,0.4
"rfpp",7827,16,173,7,700,0.4
"lrs",7796,6,204,17,800,0.4
"lrsq",7668,9,332,14,800,0.4
"lrp",7745,8,255,15,800,0.4
"knn",7754,21,246,2,800,0.4
"nb",7814,13,186,10,800,0.4
"rfs",7874,20,126,3,800,0.4
"rfsq",7865,18,135,5,800,0.4
"rfp",7852,19,148,4,800,0.4
"rfpp",7861,15,139,8,800,0.4
"lrs",8000,0,0,23,900,0.4
"lrsq",7755,10,245,13,900,0.4
"lrp",7842,1,158,22,900,0.4
"knn",7667,22,333,1,900,0.4
"nb",7860,10,140,13,900,0.4
"rfs",7861,20,139,3,900,0.4
"rfsq",7871,19,129,4,900,0.4
"rfp",7868,19,132,4,900,0.4
"rfpp",7839,10,161,13,900,0.4
"lrs",7902,1,98,22,1000,0.4
"lrsq",7764,6,236,17,1000,0.4
"lrp",7839,1,161,22,1000,0.4
"knn",7700,22,300,1,1000,0.4
"nb",7876,10,124,13,1000,0.4
"rfs",7913,20,87,3,1000,0.4
"rfsq",7899,18,101,5,1000,0.4
"rfp",7898,17,102,6,1000,0.4
"rfpp",7861,12,139,11,1000,0.4
"lrs",8000,0,0,23,1100,0.4
"lrsq",7779,8,221,15,1100,0.4
"lrp",7920,0,80,23,1100,0.4
"knn",7759,21,241,2,1100,0.4
"nb",7924,9,76,14,1100,0.4
"rfs",7920,20,80,3,1100,0.4
"rfsq",7919,18,81,5,1100,0.4
"rfp",7923,18,77,5,1100,0.4
"rfpp",7884,15,116,8,1100,0.4
"lrs",7885,0,115,23,1200,0.4
"lrsq",7762,10,238,13,1200,0.4
"lrp",7873,4,127,19,1200,0.4
"knn",7771,22,229,1,1200,0.4
"nb",7951,8,49,15,1200,0.4
"rfs",7895,19,105,4,1200,0.4
"rfsq",7878,18,122,5,1200,0.4
"rfp",7894,19,106,4,1200,0.4
"rfpp",7886,16,114,7,1200,0.4
"lrs",8000,0,0,23,1300,0.4
"lrsq",7859,6,141,17,1300,0.4
"lrp",8000,0,0,23,1300,0.4
"knn",7771,21,229,2,1300,0.4
"nb",7933,9,67,14,1300,0.4
"rfs",7945,18,55,5,1300,0.4
"rfsq",7932,17,68,6,1300,0.4
"rfp",7936,19,64,4,1300,0.4
"rfpp",7893,10,107,13,1300,0.4
"lrs",8000,0,0,23,1400,0.4
"lrsq",7858,4,142,19,1400,0.4
"lrp",7935,0,65,23,1400,0.4
"knn",7762,22,238,1,1400,0.4
"nb",7956,8,44,15,1400,0.4
"rfs",7941,17,59,6,1400,0.4
"rfsq",7939,17,61,6,1400,0.4
"rfp",7927,16,73,7,1400,0.4
"rfpp",7913,11,87,12,1400,0.4
"lrs",8000,0,0,23,1500,0.4
"lrsq",7901,7,99,16,1500,0.4
"lrp",7960,0,40,23,1500,0.4
"knn",7797,21,203,2,1500,0.4
"nb",7975,7,25,16,1500,0.4
"rfs",7956,16,44,7,1500,0.4
"rfsq",7940,15,60,8,1500,0.4
"rfp",7931,17,69,6,1500,0.4
"rfpp",7925,13,75,10,1500,0.4
"lrs",8000,0,0,23,1600,0.4
"lrsq",7873,8,127,15,1600,0.4
"lrp",8000,0,0,23,1600,0.4
"knn",7826,20,174,3,1600,0.4
"nb",7987,7,13,16,1600,0.4
"rfs",7933,16,67,7,1600,0.4
"rfsq",7920,15,80,8,1600,0.4
"rfp",7924,16,76,7,1600,0.4
"rfpp",7900,11,100,12,1600,0.4
"lrs",8000,0,0,23,1700,0.4
"lrsq",7920,2,80,21,1700,0.4
"lrp",8000,0,0,23,1700,0.4
"knn",7803,21,197,2,1700,0.4
"nb",7990,6,10,17,1700,0.4
"rfs",7932,19,68,4,1700,0.4
"rfsq",7933,16,67,7,1700,0.4
"rfp",7936,19,64,4,1700,0.4
"rfpp",7908,10,92,13,1700,0.4
"lrs",8000,0,0,23,1800,0.4
"lrsq",7877,7,123,16,1800,0.4
"lrp",7958,0,42,23,1800,0.4
"knn",7883,18,117,5,1800,0.4
"nb",7992,6,8,17,1800,0.4
"rfs",7948,16,52,7,1800,0.4
"rfsq",7935,14,65,9,1800,0.4
"rfp",7943,16,57,7,1800,0.4
"rfpp",7934,10,66,13,1800,0.4
"lrs",8000,0,0,23,1900,0.4
"lrsq",7926,2,74,21,1900,0.4
"lrp",8000,0,0,23,1900,0.4
"knn",7820,21,180,2,1900,0.4
"nb",7989,6,11,17,1900,0.4
"rfs",7950,17,50,6,1900,0.4
"rfsq",7940,16,60,7,1900,0.4
"rfp",7945,15,55,8,1900,0.4
"rfpp",7938,11,62,12,1900,0.4
"lrs",8000,0,0,23,2000,0.4
"lrsq",7934,1,66,22,2000,0.4
"lrp",8000,0,0,23,2000,0.4
"knn",7853,20,147,3,2000,0.4
"nb",7998,4,2,19,2000,0.4
"rfs",7966,16,34,7,2000,0.4
"rfsq",7956,14,44,9,2000,0.4
"rfp",7966,13,34,10,2000,0.4
"rfpp",7943,10,57,13,2000,0.4
"lrs",8000,0,0,23,2100,0.4
"lrsq",7953,1,47,22,2100,0.4
"lrp",8000,0,0,23,2100,0.4
"knn",7860,20,140,3,2100,0.4
"nb",7998,4,2,19,2100,0.4
"rfs",7972,16,28,7,2100,0.4
"rfsq",7965,13,35,10,2100,0.4
"rfp",7961,15,39,8,2100,0.4
"rfpp",7942,10,58,13,2100,0.4
"lrs",8000,0,0,23,2200,0.4
"lrsq",7924,2,76,21,2200,0.4
"lrp",7988,0,12,23,2200,0.4
"knn",7899,17,101,6,2200,0.4
"nb",7999,4,1,19,2200,0.4
"rfs",7961,14,39,9,2200,0.4
"rfsq",7947,15,53,8,2200,0.4
"rfp",7951,14,49,9,2200,0.4
"rfpp",7938,10,62,13,2200,0.4
"lrs",8000,0,0,23,2300,0.4
"lrsq",7942,1,58,22,2300,0.4
"lrp",8000,0,0,23,2300,0.4
"knn",7859,20,141,3,2300,0.4
"nb",7999,0,1,23,2300,0.4
"rfs",7969,16,31,7,2300,0.4
"rfsq",7938,13,62,10,2300,0.4
"rfp",7953,13,47,10,2300,0.4
"rfpp",7917,10,83,13,2300,0.4
"lrs",8000,0,0,23,2400,0.4
"lrsq",7932,1,68,22,2400,0.4
"lrp",8000,0,0,23,2400,0.4
"knn",7948,15,52,8,2400,0.4
"nb",7998,0,2,23,2400,0.4
"rfs",7970,12,30,11,2400,0.4
"rfsq",7965,14,35,9,2400,0.4
"rfp",7963,15,37,8,2400,0.4
"rfpp",7967,9,33,14,2400,0.4
"lrs",8000,0,0,23,2500,0.4
"lrsq",7954,0,46,23,2500,0.4
"lrp",8000,0,0,23,2500,0.4
"knn",7907,18,93,5,2500,0.4
"nb",7999,0,1,23,2500,0.4
"rfs",7961,15,39,8,2500,0.4
"rfsq",7954,14,46,9,2500,0.4
"rfp",7957,15,43,8,2500,0.4
"rfpp",7928,11,72,12,2500,0.4
"lrs",7703,8,297,15,500,0.5
"lrsq",7710,11,290,12,500,0.5
"lrp",7731,9,269,14,500,0.5
"knn",7727,21,273,2,500,0.5
"nb",7730,16,270,7,500,0.5
"rfs",7868,19,132,4,500,0.5
"rfsq",7842,16,158,7,500,0.5
"rfp",7856,19,144,4,500,0.5
"rfpp",7847,15,153,8,500,0.5
"lrs",7862,1,138,22,600,0.5
"lrsq",7730,10,270,13,600,0.5
"lrp",7770,8,230,15,600,0.5
"knn",7712,21,288,2,600,0.5
"nb",7810,13,190,10,600,0.5
"rfs",7885,20,115,3,600,0.5
"rfsq",7856,16,144,7,600,0.5
"rfp",7859,17,141,6,600,0.5
"rfpp",7860,13,140,10,600,0.5
"lrs",7952,0,48,23,700,0.5
"lrsq",7802,8,198,15,700,0.5
"lrp",7941,0,59,23,700,0.5
"knn",7807,20,193,3,700,0.5
"nb",7838,12,162,11,700,0.5
"rfs",7936,19,64,4,700,0.5
"rfsq",7896,16,104,7,700,0.5
"rfp",7920,20,80,3,700,0.5
"rfpp",7890,12,110,11,700,0.5
"lrs",7932,0,68,23,800,0.5
"lrsq",7740,8,260,15,800,0.5
"lrp",7864,1,136,22,800,0.5
"knn",7876,17,124,6,800,0.5
"nb",7842,10,158,13,800,0.5
"rfs",7928,19,72,4,800,0.5
"rfsq",7904,14,96,9,800,0.5
"rfp",7905,19,95,4,800,0.5
"rfpp",7907,12,93,11,800,0.5
"lrs",8000,0,0,23,900,0.5
"lrsq",7830,9,170,14,900,0.5
"lrp",7941,0,59,23,900,0.5
"knn",7840,19,160,4,900,0.5
"nb",7891,10,109,13,900,0.5
"rfs",7900,20,100,3,900,0.5
"rfsq",7893,15,107,8,900,0.5
"rfp",7910,17,90,6,900,0.5
"rfpp",7886,10,114,13,900,0.5
"lrs",7985,0,15,23,1000,0.5
"lrsq",7847,3,153,20,1000,0.5
"lrp",7948,0,52,23,1000,0.5
"knn",7869,18,131,5,1000,0.5
"nb",7927,9,73,14,1000,0.5
"rfs",7937,18,63,5,1000,0.5
"rfsq",7931,15,69,8,1000,0.5
"rfp",7946,14,54,9,1000,0.5
"rfpp",7942,8,58,15,1000,0.5
"lrs",8000,0,0,23,1100,0.5
"lrsq",7846,2,154,21,1100,0.5
"lrp",7967,0,33,23,1100,0.5
"knn",7887,17,113,6,1100,0.5
"nb",7963,8,37,15,1100,0.5
"rfs",7952,16,48,7,1100,0.5
"rfsq",7951,13,49,10,1100,0.5
"rfp",7952,15,48,8,1100,0.5
"rfpp",7938,12,62,11,1100,0.5
"lrs",7947,0,53,23,1200,0.5
"lrsq",7823,5,177,18,1200,0.5
"lrp",7927,0,73,23,1200,0.5
"knn",7889,19,111,4,1200,0.5
"nb",7977,7,23,16,1200,0.5
"rfs",7927,18,73,5,1200,0.5
"rfsq",7917,16,83,7,1200,0.5
"rfp",7924,17,76,6,1200,0.5
"rfpp",7926,12,74,11,1200,0.5
"lrs",8000,0,0,23,1300,0.5
"lrsq",7909,1,91,22,1300,0.5
"lrp",8000,0,0,23,1300,0.5
"knn",7896,17,104,6,1300,0.5
"nb",7965,7,35,16,1300,0.5
"rfs",7969,15,31,8,1300,0.5
"rfsq",7956,13,44,10,1300,0.5
"rfp",7956,17,44,6,1300,0.5
"rfpp",7922,10,78,13,1300,0.5
"lrs",8000,0,0,23,1400,0.5
"lrsq",7897,2,103,21,1400,0.5
"lrp",7963,0,37,23,1400,0.5
"knn",7900,17,100,6,1400,0.5
"nb",7980,7,20,16,1400,0.5
"rfs",7961,15,39,8,1400,0.5
"rfsq",7968,12,32,11,1400,0.5
"rfp",7962,13,38,10,1400,0.5
"rfpp",7952,10,48,13,1400,0.5
"lrs",8000,0,0,23,1500,0.5
"lrsq",7935,1,65,22,1500,0.5
"lrp",7973,0,27,23,1500,0.5
"knn",7907,16,93,7,1500,0.5
"nb",7992,5,8,18,1500,0.5
"rfs",7975,15,25,8,1500,0.5
"rfsq",7964,12,36,11,1500,0.5
"rfp",7957,13,43,10,1500,0.5
"rfpp",7953,10,47,13,1500,0.5
"lrs",8000,0,0,23,1600,0.5
"lrsq",7923,2,77,21,1600,0.5
"lrp",8000,0,0,23,1600,0.5
"knn",7921,16,79,7,1600,0.5
"nb",7998,5,2,18,1600,0.5
"rfs",7958,16,42,7,1600,0.5
"rfsq",7954,13,46,10,1600,0.5
"rfp",7953,15,47,8,1600,0.5
"rfpp",7929,10,71,13,1600,0.5
"lrs",8000,0,0,23,1700,0.5
"lrsq",7955,1,45,22,1700,0.5
"lrp",8000,0,0,23,1700,0.5
"knn",7930,17,70,6,1700,0.5
"nb",7998,4,2,19,1700,0.5
"rfs",7955,15,45,8,1700,0.5
"rfsq",7964,13,36,10,1700,0.5
"rfp",7959,16,41,7,1700,0.5
"rfpp",7937,10,63,13,1700,0.5
"lrs",8000,0,0,23,1800,0.5
"lrsq",7912,3,88,20,1800,0.5
"lrp",7984,0,16,23,1800,0.5
"knn",7954,14,46,9,1800,0.5
"nb",7999,4,1,19,1800,0.5
"rfs",7965,14,35,9,1800,0.5
"rfsq",7960,11,40,12,1800,0.5
"rfp",7970,15,30,8,1800,0.5
"rfpp",7959,10,41,13,1800,0.5
"lrs",8000,0,0,23,1900,0.5
"lrsq",7962,1,38,22,1900,0.5
"lrp",8000,0,0,23,1900,0.5
"knn",7938,17,62,6,1900,0.5
"nb",7998,4,2,19,1900,0.5
"rfs",7966,14,34,9,1900,0.5
"rfsq",7974,14,26,9,1900,0.5
"rfp",7974,13,26,10,1900,0.5
"rfpp",7961,9,39,14,1900,0.5
"lrs",8000,0,0,23,2000,0.5
"lrsq",7958,1,42,22,2000,0.5
"lrp",8000,0,0,23,2000,0.5
"knn",7949,15,51,8,2000,0.5
"nb",8000,0,0,23,2000,0.5
"rfs",7980,13,20,10,2000,0.5
"rfsq",7979,10,21,13,2000,0.5
"rfp",7981,11,19,12,2000,0.5
"rfpp",7969,8,31,15,2000,0.5
"lrs",8000,0,0,23,2100,0.5
"lrsq",7975,1,25,22,2100,0.5
"lrp",8000,0,0,23,2100,0.5
"knn",7944,14,56,9,2100,0.5
"nb",7999,0,1,23,2100,0.5
"rfs",7985,13,15,10,2100,0.5
"rfsq",7981,11,19,12,2100,0.5
"rfp",7983,11,17,12,2100,0.5
"rfpp",7966,9,34,14,2100,0.5
"lrs",8000,0,0,23,2200,0.5
"lrsq",7948,1,52,22,2200,0.5
"lrp",7998,0,2,23,2200,0.5
"knn",7957,15,43,8,2200,0.5
"nb",8000,0,0,23,2200,0.5
"rfs",7982,11,18,12,2200,0.5
"rfsq",7977,11,23,12,2200,0.5
"rfp",7970,13,30,10,2200,0.5
"rfpp",7956,8,44,15,2200,0.5
"lrs",8000,0,0,23,2300,0.5
"lrsq",7968,1,32,22,2300,0.5
"lrp",8000,0,0,23,2300,0.5
"knn",7943,16,57,7,2300,0.5
"nb",8000,0,0,23,2300,0.5
"rfs",7986,12,14,11,2300,0.5
"rfsq",7958,10,42,13,2300,0.5
"rfp",7977,11,23,12,2300,0.5
"rfpp",7954,10,46,13,2300,0.5
"lrs",8000,0,0,23,2400,0.5
"lrsq",7961,0,39,23,2400,0.5
"lrp",8000,0,0,23,2400,0.5
"knn",7976,13,24,10,2400,0.5
"nb",8000,0,0,23,2400,0.5
"rfs",7982,11,18,12,2400,0.5
"rfsq",7982,9,18,14,2400,0.5
"rfp",7980,10,20,13,2400,0.5
"rfpp",7987,7,13,16,2400,0.5
"lrs",8000,0,0,23,2500,0.5
"lrsq",7976,0,24,23,2500,0.5
"lrp",8000,0,0,23,2500,0.5
"knn",7956,15,44,8,2500,0.5
"nb",8000,0,0,23,2500,0.5
"rfs",7983,12,17,11,2500,0.5
"rfsq",7972,11,28,12,2500,0.5
"rfp",7973,11,27,12,2500,0.5
"rfpp",7960,7,40,16,2500,0.5
